"cr","st","size","growth","grazing","top","bottom","abund","T0_slope","T0_intercept","loggrowth","loggrazing","T_loggrowth","T_loggrazing","T","S","DO_int","PAR_int","NO2_int","NO3_int","PO4_int","SiO3_int","Chla","T_loggrowth1"
1,1,7.5,1.43050097649035,0.343143747364016,1.40191275331099,0.23987662574401,14.905243555,0.8540376,0.157,0.516520482475709,-1.54311502821144,18.8558913478286,16.7962558371414,18.974,28.342,238.5,5.5,1.05,7,0.45,14.7,0.661,19.3432879152354
1,1,8.5,1.35941872045856,0.151714190808821,1.2981273410779,0.111602252143214,14.177881925,0.8540376,0.157,0.442989895314992,-2.72057205839934,18.7823607606678,15.6187988069535,18.974,28.342,238.5,5.5,1.05,7,0.45,14.7,0.661,19.1587926735353
1,1,9.5,2.03800889607947,0.880809875938636,1.23301386226113,0.432191379357104,13.450520295,0.8540376,0.157,1.02716034900212,-0.183097449908993,19.366531214355,18.1562734154439,18.974,28.342,238.5,5.5,1.05,7,0.45,14.7,0.661,19.6687202338062
1,1,10.5,2.53404698831519,1.21084793301041,1.19221180711464,0.477831681335738,12.723158665,0.8540376,0.157,1.34144327632592,0.276017692392075,19.6808141416788,18.6153885577449,18.974,28.342,238.5,5.5,1.05,7,0.45,14.7,0.661,19.9344547079557
1,1,11.5,2.41627398912472,0.92837172882278,1.1179367999033,0.384216249068293,11.995797035,0.8540376,0.157,1.27278405579687,-0.107225505109099,19.6121549211497,18.2321453602438,18.974,28.342,238.5,5.5,1.05,7,0.45,14.7,0.661,19.772993552047
1,1,12.5,2.91943022652552,0.558138189555581,0.946480488706645,0.191180520255089,11.268435405,0.8540376,0.157,1.54568683157962,-0.841305731427805,19.8850576969325,17.498065133925,18.974,28.342,238.5,5.5,1.05,7,0.45,14.7,0.661,19.805702367735
1,1,13.5,1.45023813545417,2.31243076778666,3.10764973232,1.59451797001772,10.541073775,0.8540376,0.157,0.536289816537091,1.20941017321121,18.8756606818899,19.5487810385641,18.974,28.342,238.5,5.5,1.05,7,0.45,14.7,0.661,20.5114845865615
1,1,16.5,5.25509934654083,2.36052623295162,1.49204138699608,0.449187746470565,8.358988885,0.8540376,0.157,2.39371803828964,1.23910851595987,20.7330889036425,19.5784793813127,18.974,28.342,238.5,5.5,1.05,7,0.45,14.7,0.661,21.3103764579929
1,2,6.5,0.682135070133403,1.14009312876464,1.62927108116259,1.67135979175161,16.079402418,0.8647805,0.577,-0.551870658104678,0.189151676073608,17.610492335784,18.3515146699623,21.821,33.29,218.9,762,0.56,1.2,0.26,2.6,0.683,18.3147189979115
1,2,7.5,0.872106225444472,1.04376227609455,1.55566061221826,1.19682929170996,15.41571359,0.8647805,0.577,-0.197424224118715,0.0617931657846083,17.96493876977,18.2241561596733,21.821,33.29,218.9,762,0.56,1.2,0.26,2.6,0.683,18.6024661215621
1,2,8.5,0.965340482754993,0.424278015355076,0.548579375062063,0.439511263574304,14.752024762,0.8647805,0.577,-0.050890213496538,-1.23691816987627,18.1114727803921,16.9254448240124,21.821,33.29,218.9,762,0.56,1.2,0.26,2.6,0.683,17.2452450677073
1,2,9.5,0.547151373581574,0.684180577758286,0.0592420405921085,1.25044112249913,14.088335934,0.8647805,0.577,-0.869988074111557,-0.547550944843981,17.2923749197771,17.6148120490447,21.821,33.29,218.9,762,0.56,1.2,0.26,2.6,0.683,13.2151400651162
1,2,10.5,0.858377600923707,0.563093265652138,0.437091355489292,0.655997156782969,13.424647106,0.8647805,0.577,-0.220315664946131,-0.828554197892573,17.9420473289425,17.3338087959961,21.821,33.29,218.9,762,0.56,1.2,0.26,2.6,0.683,16.7480540797696
1,2,12.5,0.0337504564627506,0.0899326281607772,2.91761412673907,2.66463442531609,12.09726945,0.8647805,0.577,-4.88894917554923,-3.47501155962336,13.2734138183394,14.6873514342653,21.821,33.29,218.9,762,0.56,1.2,0.26,2.6,0.683,14.8182029085001
1,2,14.5,0.71437700422031,1.14804881768964,2.45968658000044,1.60706295262492,10.769891794,0.8647805,0.577,-0.485242454001687,0.199183990046116,17.677120539887,18.3615469839348,21.821,33.29,218.9,762,0.56,1.2,0.26,2.6,0.683,18.97559503501
1,3,7.5,0.517192352372899,1.41937596550921,0.674686592702561,2.74438699450419,16.31063259,0.7854423,1.228,-0.951227152444659,0.505256782304158,17.1321130712451,18.5885970059939,23.11,34.559,200.7,813.5,0.15,5.2,0.43,6.5,0.558,16.564402469403
1,3,8.5,1.34960881468439,1.36102176437491,0.806921242363142,1.00845648721788,15.24652949,0.7854423,1.228,0.432541301426267,0.444690137455201,18.5158815251161,18.528030361145,23.11,34.559,200.7,813.5,0.15,5.2,0.43,6.5,0.558,18.2063812997703
1,3,9.5,2.19175598433454,1.16507696909292,0.80321202071018,0.531572391005316,14.18242639,0.7854423,1.228,1.1320871870819,0.220425267549627,19.2154274107717,18.3037654912394,23.11,34.559,200.7,813.5,0.15,5.2,0.43,6.5,0.558,18.8992801764195
1,3,10.5,3.53436875882177,1.76668243424046,0.95915499546483,0.499857981663861,13.11832329,0.7854423,1.228,1.8214525715163,0.821042735010722,19.9047927952061,18.9043829587005,23.11,34.559,200.7,813.5,0.15,5.2,0.43,6.5,0.558,19.8446286679294
1,3,11.5,3.51515134421339,2.17447247183576,1.14416583522934,0.618599957414452,12.05422019,0.7854423,1.228,1.81358680561237,1.12066544483444,19.8969270293022,19.2040056685242,23.11,34.559,200.7,813.5,0.15,5.2,0.43,6.5,0.558,20.0912232005826
1,3,12.5,2.83762481531311,1.19421411557405,0.971996364136476,0.42084989852412,10.99011709,0.7854423,1.228,1.50468385195348,0.256061526538157,19.5880240756433,18.3394017502279,23.11,34.559,200.7,813.5,0.15,5.2,0.43,6.5,0.558,19.5470468980313
1,3,13.5,4.14422738011786,1.92332268295849,1.07614587274128,0.464096804192195,9.92601399,0.7854423,1.228,2.0511031611251,0.943600829266319,20.1344433848149,19.0269410529561,23.11,34.559,200.7,813.5,0.15,5.2,0.43,6.5,0.558,20.2403170348437
1,3,14.5,3.61218528463685,2.38159109745594,1.40695029453912,0.65932141066661,8.86191089,0.7854423,1.228,1.85287189679742,1.25192573380978,19.9362121204872,19.3352659574996,23.11,34.559,200.7,813.5,0.15,5.2,0.43,6.5,0.558,20.4287834816924
2,4,6.5,0.55336425331611,0.529138930669514,0.729085320547378,0.95622174272837,20.337324465,0.964311,0.442,-0.853698644342588,-0.918281528932582,17.5839435334351,17.5193606488451,17.417,29.883,239.6,14.1,0.23,14.8,0.69,22.8,0.689,17.128103093056
2,4,7.5,0.454135828683782,0.220167181731771,0.239934326885748,0.484804694599586,18.867151535,0.964311,0.442,-1.13880423336109,-2.18332865905238,17.2988379444166,16.2543135187253,17.417,29.883,239.6,14.1,0.23,14.8,0.69,22.8,0.689,15.2395494251893
2,4,8.5,0.538385616868922,0.0303126454282456,0.038059896518993,0.056302851485027,17.396978605,0.964311,0.442,-0.893288226449262,-5.04393642608309,17.5443539513284,13.3937057516946,17.417,29.883,239.6,14.1,0.23,14.8,0.69,22.8,0.689,12.8287694006292
2,4,9.5,0.585224889390364,0.145723143494453,0.405130693351359,0.249003667028336,15.926805675,0.964311,0.442,-0.772936966838738,-2.77869807298841,17.664705210939,15.6589441047893,17.417,29.883,239.6,14.1,0.23,14.8,0.69,22.8,0.689,16.3611645061077
2,4,10.5,0.680415519038716,0.374248569053806,0.708325722403929,0.550029443159292,14.456632745,0.964311,0.442,-0.555512048264571,-1.41793129476379,17.8821301295131,17.0197108830139,17.417,29.883,239.6,14.1,0.23,14.8,0.69,22.8,0.689,17.3846149684295
2,4,12.5,0.801749728517346,0.316405217316328,0.943669083586616,0.394643373190095,11.516286885,0.964311,0.442,-0.318776134735245,-1.66015470577724,18.1188660430425,16.7774874720005,17.417,29.883,239.6,14.1,0.23,14.8,0.69,22.8,0.689,18.0352189865921
2,4,17.5,1.71566955784666,1.78446313205946,1.04009721679688,1.04009721679688,4.165422235,0.964311,0.442,0.778771712999233,0.835490094861612,19.2164138907769,19.2731322726393,17.417,29.883,239.6,14.1,0.23,14.8,0.69,22.8,0.689,19.2731322726393
2,5,6.5,0.58056573942088,0.450358385623891,0.600893657976786,0.775723324757551,18.565733323,0.9216913,0.484,-0.784468657311326,-1.15085457037274,17.459536555238,17.0931506421766,20.501,33.056,219.1,0.1,0.16,4.9,0.37,10.4,0.513,16.7247181556395
2,5,7.5,0.706787018711293,0.508714011061502,0.741307227394015,0.719755736302368,17.332351105,0.9216913,0.484,-0.500652552186325,-0.975073265262051,17.7433526603631,17.2689319472873,20.501,33.056,219.1,0.1,0.16,4.9,0.37,10.4,0.513,17.3114961425248
2,5,8.5,0.631673299533515,0.425804269421309,0.538596245484427,0.674089390410774,16.098968887,0.9216913,0.484,-0.662749503268533,-1.2317376795216,17.5812557092808,17.0122675330278,20.501,33.056,219.1,0.1,0.16,4.9,0.37,10.4,0.513,16.6885317873451
2,5,9.5,0.624234579106965,0.656825181578525,0.572834837141859,1.05220890281052,14.865586669,0.9216913,0.484,-0.679839818174331,-0.606418656197272,17.564165394375,17.6375865563521,20.501,33.056,219.1,0.1,0.16,4.9,0.37,10.4,0.513,16.7603565327384
2,5,10.5,1.11244878284656,0.956345391089256,1.03784759647617,0.859675884261507,13.632204451,0.9216913,0.484,0.153738915913448,-0.064396342769675,18.3977441284628,18.1796088697797,20.501,33.056,219.1,0.1,0.16,4.9,0.37,10.4,0.513,18.4513387340557
2,5,11.5,0.830258135199053,0.0253520026583244,1.15607942954974,0.0305350849133762,12.398822233,0.9216913,0.484,-0.268368140990959,-5.30175647366586,17.9756370715584,12.9422487388835,20.501,33.056,219.1,0.1,0.16,4.9,0.37,10.4,0.513,18.1848775945534
2,5,12.5,1.00146404956742,0.81555591665537,0.943041237467384,0.814363647908924,11.165440015,0.9216913,0.484,0.00211063239203794,-0.294144299598461,18.2461158449414,17.9498609129509,20.501,33.056,219.1,0.1,0.16,4.9,0.37,10.4,0.513,18.1615086087475
2,6,6.5,1.40644516542842,1.31170003155555,1.01577343497354,0.932635031779568,16.231930666,0.856833,0.526,0.492053305865103,0.391437832404896,18.7376739943975,18.6370585209373,20.475,34.093,196.5,0,0.15,4,0.47,9.7,0.961,18.7602526438596
2,6,7.5,1.25817868328808,0.987877613119489,0.900931122856248,0.785164799118835,15.59741409,0.856833,0.526,0.331336824592179,-0.0175957756305033,18.5769575131246,18.2280249129019,20.475,34.093,196.5,0,0.15,4,0.47,9.7,0.961,18.4264462329197
2,6,8.5,1.10068911914003,0.53132108891196,0.800653945357376,0.48271676322837,14.962897514,0.856833,0.526,0.138407048731952,-0.912344118261415,18.3840277372644,17.333276570271,20.475,34.093,196.5,0,0.15,4,0.47,9.7,0.961,18.0632784652942
2,6,9.5,1.21221963569308,0.641763025652044,0.781077818810836,0.529411508241344,14.328380938,0.856833,0.526,0.277651116812278,-0.639887421885034,18.5232718053447,17.6057332666474,20.475,34.093,196.5,0,0.15,4,0.47,9.7,0.961,18.1668100017435
2,6,10.5,1.17709373296456,0.333459527836575,0.813537179124739,0.283290547301397,13.693864362,0.856833,0.526,0.235229207970947,-1.5844164235305,18.4808498965034,16.6612042650019,20.475,34.093,196.5,0,0.15,4,0.47,9.7,0.961,18.1831300810273
2,6,11.5,1.36759698359565,0.105836097666827,0.91556741629008,0.0773883672868052,13.059347786,0.856833,0.526,0.451643145845048,-3.24009632147358,18.6972638343775,15.0055243670589,20.475,34.093,196.5,0,0.15,4,0.47,9.7,0.961,18.5700018598835
2,6,12.5,1.97251323148981,0.71897566531525,1.09178055297653,0.364497258541692,12.42483121,0.856833,0.526,0.980034977775215,-0.475985153323115,19.2256556663076,17.7696355352093,20.475,34.093,196.5,0,0.15,4,0.47,9.7,0.961,19.3523385711478
2,6,13.5,0.552961159676027,0.512747827987568,2.21171120032074,0.927276390059621,11.790314634,0.856833,0.526,-0.854749946634782,-0.963678619461028,17.3908707418977,17.2819420690714,20.475,34.093,196.5,0,0.15,4,0.47,9.7,0.961,18.5360337562829
2,7,6.5,0.914134099062755,0.658448221097396,0.894285097502113,0.720297188095806,16.605751897,0.8874867,0.866,-0.129522277676218,-0.602858100272086,17.8569220936654,17.3835862710696,24.706,34.561,183.9,163.3,0.09,3.6,0.4,8.6,0.4,17.6957288337471
2,7,7.5,1.16338369033456,0.908343001772942,1.01382046284896,0.780776805897738,15.820699275,0.8874867,0.866,0.218326984043513,-0.138690914645565,18.2047713553852,17.8477534566961,24.706,34.561,183.9,163.3,0.09,3.6,0.4,8.6,0.4,18.2245735439288
2,7,8.5,1.13767589015715,0.995683657317031,0.997731500884894,0.875190962497672,15.035646653,0.8874867,0.866,0.186089610138159,-0.0062406442731109,18.1725339814798,17.9802037270685,24.706,34.561,183.9,163.3,0.09,3.6,0.4,8.6,0.4,18.1692575113147
2,7,9.5,1.07203043455198,1.22856477451482,1.12694704580413,1.14601669403935,14.250594031,0.8874867,0.866,0.100345863961678,0.296973923966053,18.0867902353033,18.2834182953077,24.706,34.561,183.9,163.3,0.09,3.6,0.4,8.6,0.4,18.259209961505
2,7,10.5,0.992642049928242,1.24032976779083,1.2185622396106,1.24952370079476,13.465541409,0.8874867,0.866,-0.0106545240544774,0.310723742471999,17.9757898472872,18.2971681138136,24.706,34.561,183.9,163.3,0.09,3.6,0.4,8.6,0.4,18.2609697877078
2,7,11.5,0.93453517258123,0.788813515594386,1.48712208393913,0.844070441367815,12.680488787,0.8874867,0.866,-0.0976791319831624,-0.342243823706595,17.8887652393585,17.644200547635,24.706,34.561,183.9,163.3,0.09,3.6,0.4,8.6,0.4,18.4612883283519
2,7,12.5,0.82525457777282,0.741492155445492,1.45041960061607,0.898501111555922,11.895436165,0.8874867,0.866,-0.277088858638184,-0.43149666499876,17.7093555127035,17.5549477063429,24.706,34.561,183.9,163.3,0.09,3.6,0.4,8.6,0.4,18.2458258392582
2,7,14.5,2.35255792944358,1.23066404129647,1.22733201709349,0.523117422909771,10.325330921,0.8874867,0.866,1.23423024834892,0.299436974570817,19.2206746196906,18.2858813459125,24.706,34.561,183.9,163.3,0.09,3.6,0.4,8.6,0.4,19.5162001984543
2,7,15.5,7.12008413695707,0.591928214179573,1.16270012136374,0.0831350027322215,9.540278299,0.8874867,0.866,2.83189428940144,-0.756505870598651,20.8183386607431,17.229938500743,24.706,34.561,183.9,163.3,0.09,3.6,0.4,8.6,0.4,21.0358177118035
3,8,6.5,1.23688108462303,0.246183065207815,0.379753060939976,0.199035354544892,18.7144673495,0.9648921,0.171,0.306706804379512,-2.02219657181807,18.4045172825293,16.0756139063317,22.87312286,33.86530471,195.0057407,5.394441983,0.831697687,2.517890252,0.413511263,6.305794267,1.52142696,17.0076507810332
3,8,7.5,1.22461972791608,0.290249117532785,0.408860550620426,0.237011629746238,17.9604683325,0.9648921,0.171,0.292333829374968,-1.78463641412903,18.3901443075248,16.3131740640208,22.87312286,33.86530471,195.0057407,5.394441983,0.831697687,2.517890252,0.413511263,6.305794267,1.52142696,17.0998250821296
3,8,8.5,1.16211794874034,0.0959616857343485,0.364703665979548,0.0825748245592148,17.2064693155,0.9648921,0.171,0.216756501984357,-3.3813976884666,18.3145669801342,14.7164127896832,22.87312286,33.86530471,195.0057407,5.394441983,0.831697687,2.517890252,0.413511263,6.305794267,1.52142696,16.8593635868784
3,8,9.5,1.2845770825268,0.21551332566656,0.497328854413511,0.167769866517188,16.4524702985,0.9648921,0.171,0.361293463413154,-2.21415101778323,18.459103941563,15.8836594603666,22.87312286,33.86530471,195.0057407,5.394441983,0.831697687,2.517890252,0.413511263,6.305794267,1.52142696,17.4513759836511
3,8,10.5,1.01791260717068,0.273823820189967,0.46904351383619,0.269005235086996,15.6984712815,0.9648921,0.171,0.025613704229265,-1.8686801414429,18.1234241823791,16.2291303367069,22.87312286,33.86530471,195.0057407,5.394441983,0.831697687,2.517890252,0.413511263,6.305794267,1.52142696,17.031217857319
3,8,11.5,0.918856851596217,0.150881251803859,0.497401903832098,0.16420539449834,14.9444722645,0.9648921,0.171,-0.122087972848804,-2.72851454422481,17.975722505301,15.369295933925,22.87312286,33.86530471,195.0057407,5.394441983,0.831697687,2.517890252,0.413511263,6.305794267,1.52142696,16.9682064399706
3,8,12.5,1.15568482686148,0.384860835040613,0.846603139887279,0.333015391476403,14.1904732475,0.9648921,0.171,0.208748006212278,-1.37759123061722,18.3065584843621,16.7202192475326,22.87312286,33.86530471,195.0057407,5.394441983,0.831697687,2.517890252,0.413511263,6.305794267,1.52142696,18.0663162288178
3,8,13.5,0.82951725441078,0.47961764332599,1.16947195861666,0.578188869219688,13.4364742305,0.9648921,0.171,-0.269656104551346,-1.0600433638443,17.8281543735985,17.0377671143055,22.87312286,33.86530471,195.0057407,5.394441983,0.831697687,2.517890252,0.413511263,6.305794267,1.52142696,18.0540116430274
3,8,15.5,0.617550519005795,0.507950315118123,1.58073359215647,0.822524310943631,11.9284761965,0.9648921,0.171,-0.695370933027432,-0.977240707414042,17.4024395451224,17.1205697707358,22.87312286,33.86530471,195.0057407,5.394441983,0.831697687,2.517890252,0.413511263,6.305794267,1.52142696,18.0630337896937
3,8,16.5,1.54775563826946,0.495183074559573,1.04351956491515,0.319936211063159,11.1744771795,0.9648921,0.171,0.630177714838222,-1.0139660910506,18.727988192988,17.0838443870992,22.87312286,33.86530471,195.0057407,5.394441983,0.831697687,2.517890252,0.413511263,6.305794267,1.52142696,18.7894458427828
3,9,6.5,2.39348582663713,0.613767027786811,0.812258011267311,0.256432280047867,15.9570788885,0.6449087,0.466,1.25911326296143,-0.704236950103096,19.3345224008988,17.3711721878342,23.23999227,34.07983646,193.187955,24.40083673,0.740305253,2.084309133,0.391541776,3.944826614,1.124832812,19.0345323738781
3,9,7.5,2.39758001009317,0.532992966025707,0.85203618245773,0.222304558672474,15.3867873975,0.6449087,0.466,1.26157896049412,-0.907811601202707,19.3369880984315,17.1675975367346,23.23999227,34.07983646,193.187955,24.40083673,0.740305253,2.084309133,0.391541776,3.944826614,1.124832812,19.1059747005961
3,9,8.5,2.31392668205689,0.415878131481419,0.93036641343949,0.179728309762925,14.8164959065,0.6449087,0.466,1.21034315264389,-1.26576727052535,19.2857522905812,16.809641867412,23.23999227,34.07983646,193.187955,24.40083673,0.740305253,2.084309133,0.391541776,3.944826614,1.124832812,19.1816232116377
3,9,9.5,2.33368923368044,0.360094701291434,0.885079589563777,0.154302764950212,14.2462044155,0.6449087,0.466,1.22261245698421,-1.47355172412011,19.2980215949215,16.6018574138172,23.23999227,34.07983646,193.187955,24.40083673,0.740305253,2.084309133,0.391541776,3.944826614,1.124832812,19.1219006934288
3,9,10.5,2.04702270849735,0.221793683481989,0.898203139761853,0.108349400600837,13.6759129245,0.6449087,0.466,1.03352710688247,-2.17270981567706,19.1089362448198,15.9026993222603,23.23999227,34.07983646,193.187955,24.40083673,0.740305253,2.084309133,0.391541776,3.944826614,1.124832812,18.9540499151483
3,9,11.5,1.81600146276698,0.0585984006271345,0.833552175073565,0.0322678157636779,13.1056214335,0.6449087,0.466,0.860765364702516,-4.09299490121577,18.9361745026399,13.9824142367216,23.23999227,34.07983646,193.187955,24.40083673,0.740305253,2.084309133,0.391541776,3.944826614,1.124832812,18.6735189133398
3,9,13.5,1.81256798068981,0.223132661778539,1.0828828265963,0.123103058288397,11.9650384515,0.6449087,0.466,0.858035104680606,-2.16402638660781,18.9334442426179,15.9113827513295,23.23999227,34.07983646,193.187955,24.40083673,0.740305253,2.084309133,0.391541776,3.944826614,1.124832812,19.0483213871026
3,9,14.5,1.48983296943281,0.099026419990192,1.12069167485971,0.0664681357050998,11.3947469605,0.6449087,0.466,0.575150593990323,-3.33604270595869,18.6505597319277,14.7393664319787,23.23999227,34.07983646,193.187955,24.40083673,0.740305253,2.084309133,0.391541776,3.944826614,1.124832812,18.814949149826
3,9,16.5,1.67191216551114,0.667485726105302,1.31370722728435,0.399234923864101,10.2541639785,0.6449087,0.466,0.741499056922363,-0.583191109169236,18.8169081948597,17.4922180287681,23.23999227,34.07983646,193.187955,24.40083673,0.740305253,2.084309133,0.391541776,3.944826614,1.124832812,19.2105519874092
3,9,17.5,1.71735074463815,0.613843146488877,1.48495597566006,0.357436096502357,9.6838724875,0.6449087,0.466,0.780184719522394,-0.7040580397675,18.8555938574597,17.3713510981698,23.23999227,34.07983646,193.187955,24.40083673,0.740305253,2.084309133,0.391541776,3.944826614,1.124832812,19.4260140176855
3,10,6.5,1.10086610049143,0.341323324629116,0.55515638729162,0.310049809397118,15.479890733,0.8823312,0.536,0.138639003048853,-1.55078908924939,18.1475529257169,16.4581248334187,24.33436789,34.21379009,206.0236703,82.84340499,0.142934687,0.232684189,0.083292984,1.84736235,0.467891062,17.2985190660557
3,10,7.5,1.17408994225329,0.436925599422853,0.632580712275334,0.372139802666493,15.021554595,0.8823312,0.536,0.231542931678372,-1.19454045928501,18.2404568543465,16.8143734633831,24.33436789,34.21379009,206.0236703,82.84340499,0.142934687,0.232684189,0.083292984,1.84736235,0.467891062,17.5797783274406
3,10,8.5,1.09082092915172,0.394739466778547,0.588745416824245,0.361873756021088,14.563218457,0.8823312,0.536,0.125414286053136,-1.34102732513903,18.1343282087212,16.6678865975291,24.33436789,34.21379009,206.0236703,82.84340499,0.142934687,0.232684189,0.083292984,1.84736235,0.467891062,17.3700440377301
3,10,9.5,0.995877687099997,0.263062678232851,0.137852302078031,0.264151593755345,14.104882319,0.8823312,0.536,-0.00595953236326166,-1.92652151285156,18.0029543903048,16.0823924098165,24.33436789,34.21379009,206.0236703,82.84340499,0.142934687,0.232684189,0.083292984,1.84736235,0.467891062,15.144149655394
3,10,10.5,1.24253306054412,0.728862560694498,0.666536044100351,0.586594098651443,13.646546181,0.8823312,0.536,0.313284238627408,-0.456281299125404,18.3221981612955,17.5526326235427,24.33436789,34.21379009,206.0236703,82.84340499,0.142934687,0.232684189,0.083292984,1.84736235,0.467891062,17.7369529600852
3,10,11.5,1.23677260799472,0.596114374244626,0.375451632565759,0.481991895997077,13.188210043,0.8823312,0.536,0.306580271959648,-0.746338933117944,18.3154941946277,17.2625749895501,24.33436789,34.21379009,206.0236703,82.84340499,0.142934687,0.232684189,0.083292984,1.84736235,0.467891062,16.9021931647316
3,10,12.5,1.3219058896025,0.644024127420362,0.407763854399286,0.487193628900483,12.729873905,0.8823312,0.536,0.40261947076642,-0.634813357079034,18.4115333934345,17.3741005655891,24.33436789,34.21379009,206.0236703,82.84340499,0.142934687,0.232684189,0.083292984,1.84736235,0.467891062,17.1173391940829
3,10,14.5,1.12488028006414,0.669887024995759,1.00978144493632,0.595518507051758,11.813201629,0.8823312,0.536,0.169771464954656,-0.578010286214591,18.1786853876227,17.4309036364535,24.33436789,34.21379009,206.0236703,82.84340499,0.142934687,0.232684189,0.083292984,1.84736235,0.467891062,18.1927284603756
4,11,7.5,1.94589046025861,0.044206043305357,0.877822165539662,0.022717642235361,17.442917825,0.9525789,0.569,0.960430498973264,-4.4996125791922,18.9579028980234,13.497859819858,24.52348747,34.07811452,186.5641908,6.230724051,0.89948774,1.580296378,0.325076557,7.755864769,1.288575084,18.7699035027144
4,11,13.5,1.42247460477511,0.000190830322206201,0.55573480486443,0.000134153763846189,13.407726317,0.9525789,0.569,0.508402896544475,-12.3554219512835,18.5058752955947,5.64205044776669,24.52348747,34.07811452,186.5641908,6.230724051,0.89948774,1.580296378,0.325076557,7.755864769,1.288575084,17.6583437977222
4,11,14.5,1.4110924376725,0.226064408177217,0.619412197133886,0.160205243924413,12.735194399,0.9525789,0.569,0.496812498922822,-2.14519422437318,18.494284897973,15.852278174677,24.52348747,34.07811452,186.5641908,6.230724051,0.89948774,1.580296378,0.325076557,7.755864769,1.288575084,17.8032565951575
4,11,15.5,1.65436099022208,0.609410634657611,0.879860794129,0.368366177792794,12.062662481,0.9525789,0.569,0.726274072464786,-0.714513418568368,18.723746471515,17.2829589804818,24.52348747,34.07811452,186.5641908,6.230724051,0.89948774,1.580296378,0.325076557,7.755864769,1.288575084,18.5390936645752
4,11,16.5,1.06117081311099,0.209661768253899,0.884597998577046,0.197575890387753,11.390130563,0.9525789,0.569,0.0856569007328618,-2.25386428437849,18.083129299783,15.7436081146717,24.52348747,34.07811452,186.5641908,6.230724051,0.89948774,1.580296378,0.325076557,7.755864769,1.288575084,17.9062231830058
4,11,17.5,3.31272444853922,3.62320222368159,1.64967820065739,1.09372278919222,10.717598645,0.9525789,0.569,1.72801820545364,1.85726532993161,19.7254906045038,19.8547377289818,24.52348747,34.07811452,186.5641908,6.230724051,0.89948774,1.580296378,0.325076557,7.755864769,1.288575084,20.4476752328575
4,12,6.5,1.81853461245153,0.717818184831124,0.603051089763646,0.394723410770526,17.2835991725,0.9233674,0.55,0.86277638509348,-0.478309622787474,18.8200212457228,17.4789352378418,25.19033095,33.96467848,186.4913133,75.96977327,0.858234608,1.174519527,0.247264883,5.618316537,0.815788405,18.0903733815286
4,12,7.5,2.04529624508814,0.761405502827616,0.571707954267197,0.37227150084305,16.7870028375,0.9233674,0.55,1.03230982134107,-0.393263098308143,18.9895546819704,17.5639817623212,25.19033095,33.96467848,186.4913133,75.96977327,0.858234608,1.174519527,0.247264883,5.618316537,0.815788405,18.1829049499487
4,12,8.5,2.20602809297669,0.75349362871948,0.541721885429645,0.341561211807941,16.2904065025,0.9233674,0.55,1.14145116325028,-0.408332781941067,19.0986960238796,17.5489120786883,25.19033095,33.96467848,186.4913133,75.96977327,0.858234608,1.174519527,0.247264883,5.618316537,0.815788405,18.2143203055
4,12,9.5,2.24928499757357,0.545466774522734,0.439254638032392,0.242506741080459,15.7938101675,0.9233674,0.55,1.16946647060282,-0.874436773116002,19.1267113312321,17.0828080875133,25.19033095,33.96467848,186.4913133,75.96977327,0.858234608,1.174519527,0.247264883,5.618316537,0.815788405,17.9398407558875
4,12,10.5,2.45037900208,0.726195223250054,0.413908819778281,0.296360368185339,15.2972138325,0.9233674,0.55,1.29300490928227,-0.461570654443711,19.2502497699116,17.4956742061856,25.19033095,33.96467848,186.4913133,75.96977327,0.858234608,1.174519527,0.247264883,5.618316537,0.815788405,17.9776346655949
4,12,11.5,2.59934928036138,0.613150720975009,0.419068039606487,0.235886237223866,14.8006174975,0.9233674,0.55,1.37815050498684,-0.705686342870842,19.3353953656162,17.2515585177585,25.19033095,33.96467848,186.4913133,75.96977327,0.858234608,1.174519527,0.247264883,5.618316537,0.815788405,18.080651768672
4,12,12.5,2.37784340477935,0.792483574763837,0.528427782150931,0.333278286186124,14.3040211625,0.9233674,0.55,1.24965370810831,-0.335547061026267,19.2068985687376,17.6216977996031,25.19033095,33.96467848,186.4913133,75.96977327,0.858234608,1.174519527,0.247264883,5.618316537,0.815788405,18.2866767922853
4,12,13.5,2.42804260599036,0.656882944290903,0.48421518253465,0.27054012259516,13.8074248275,0.9233674,0.55,1.27979373745509,-0.606291787866158,19.2370385980844,17.3509530727632,25.19033095,33.96467848,186.4913133,75.96977327,0.858234608,1.174519527,0.247264883,5.618316537,0.815788405,18.1907588188496
4,12,14.5,2.33445451887193,0.61913060786676,0.620220931665868,0.265214251492867,13.3108284925,0.9233674,0.55,1.2230854814749,-0.691684311545461,19.1803303421042,17.2655605490839,25.19033095,33.96467848,186.4913133,75.96977327,0.858234608,1.174519527,0.247264883,5.618316537,0.815788405,18.4911844631077
4,12,15.5,1.97704862860706,0.711408112867521,0.651903246618463,0.359833391335825,12.8142321575,0.9233674,0.55,0.983348356847314,-0.491250667961592,18.9405932174766,17.4659941926677,25.19033095,33.96467848,186.4913133,75.96977327,0.858234608,1.174519527,0.247264883,5.618316537,0.815788405,18.3233229827793
4,12,16.5,1.37839948500536,0.683723348182924,0.697269172165613,0.496026990448467,12.3176358225,0.9233674,0.55,0.462994067658993,-0.548515402731672,18.4202389282883,17.4087294578976,25.19033095,33.96467848,186.4913133,75.96977327,0.858234608,1.174519527,0.247264883,5.618316537,0.815788405,17.9000265316513
4,12,17.5,1.54033642933919,0.0565134784620223,0.668750826168131,0.0366890488243968,11.8210394875,0.9233674,0.55,0.623245488537332,-4.14526119850741,18.5804903491666,13.8119836621219,25.19033095,33.96467848,186.4913133,75.96977327,0.858234608,1.174519527,0.247264883,5.618316537,0.815788405,18.0000310229727
4,13,6.5,0.765463018118896,0.664245756864842,0.92589358350095,0.867769887168693,14.7573505785,0.8458534,1.987,-0.385595416529103,-0.590210987933119,17.4660596007623,17.2614440293582,26.95496895,33.77029534,192.8316668,5.621520429,0.279991943,0.521389027,0.124322595,6.235443855,0.231809885,17.3549778944168
4,13,7.5,1.01251153787319,0.823017755970576,0.968621585167651,0.81284778018367,14.2246340275,0.8458534,1.987,0.0179383480343904,-0.281004538876711,17.8695933653258,17.5706504784146,26.95496895,33.77029534,192.8316668,5.621520429,0.279991943,0.521389027,0.124322595,6.235443855,0.231809885,17.8235984233545
4,13,8.5,1.13935356113302,1.13453697345723,1.21684625617797,0.995772525895297,13.6919174765,0.8458534,1.987,0.18821550976912,0.182103625805498,18.0398705270605,18.0337586430969,26.95496895,33.77029534,192.8316668,5.621520429,0.279991943,0.521389027,0.124322595,6.235443855,0.231809885,18.3230174276831
4,13,9.5,0.92744274216275,0.812003249935054,1.337983514744,0.875529251586468,13.1592009255,0.8458534,1.987,-0.108669878542304,-0.300442593270257,17.7429851387491,17.5512124240211,26.95496895,33.77029534,192.8316668,5.621520429,0.279991943,0.521389027,0.124322595,6.235443855,0.231809885,18.1630454794343
4,13,11.5,0.221512184975848,0.373167822961621,2.86371451986309,1.68463790378985,12.0937678235,0.8458534,1.987,-2.17454203393677,-1.42210350219993,15.6771129833546,16.4295515150914,26.95496895,33.77029534,192.8316668,5.621520429,0.279991943,0.521389027,0.124322595,6.235443855,0.231809885,17.1950006626516
4,14,6.5,0.900804942046225,0.906854073147448,0.581944606682353,1.00671525079279,16.635258036,0.943347,0.967,-0.150713352453653,-0.14105767741273,17.9770112465306,17.9866669215715,22.38462959,34.40862157,183.7800125,15.70592843,0.140923974,3.242656114,0.302306051,6.46158835,0.42464479,17.1959649861032
4,14,7.5,1.14198560451902,1.12865697245107,0.798335660952271,0.988328546336128,15.80128786,0.943347,0.967,0.191544464693821,0.174607081026726,18.3192690636781,18.302331680011,22.38462959,34.40862157,183.7800125,15.70592843,0.140923974,3.242656114,0.302306051,6.46158835,0.42464479,17.9943364252308
4,14,8.5,1.0525419780289,0.94516218359232,0.864974130885494,0.897980511297355,14.967317684,0.943347,0.967,0.0738777727562146,-0.0813661873649031,18.2016023717404,18.0463584116193,22.38462959,34.40862157,183.7800125,15.70592843,0.140923974,3.242656114,0.302306051,6.46158835,0.42464479,17.9923312630114
4,14,9.5,1.11173849983694,0.976351278104424,0.821250312755809,0.878220263351164,14.133347508,0.943347,0.967,0.152817481087867,-0.034527791360807,18.2805420800721,18.0931968076234,22.38462959,34.40862157,183.7800125,15.70592843,0.140923974,3.242656114,0.302306051,6.46158835,0.42464479,17.9964360000397
4,14,10.5,1.29967272978044,1.36960381555587,1.01217303947514,1.05380668854015,13.299377332,0.943347,0.967,0.378148384358406,0.453758626036762,18.5058729833426,18.581483225021,22.38462959,34.40862157,183.7800125,15.70592843,0.140923974,3.242656114,0.302306051,6.46158835,0.42464479,18.5233289352841
4,14,11.5,1.07754231843838,1.34024170323045,1.21435852978776,1.24379495848737,12.465407156,0.943347,0.967,0.107744529548536,0.422493204121015,18.2354691285328,18.5502178031053,22.38462959,34.40862157,183.7800125,15.70592843,0.140923974,3.242656114,0.302306051,6.46158835,0.42464479,18.5156635573607
4,14,13.5,0.949190035587241,0.542061946540352,1.02286634569918,0.571078420776922,10.797466804,0.943347,0.967,-0.0752311394085236,-0.883470363493093,18.0524934595757,17.2442542354911,22.38462959,34.40862157,183.7800125,15.70592843,0.140923974,3.242656114,0.302306051,6.46158835,0.42464479,18.0851111051534
4,14,15.5,2.70300670189444,8.72188861770257,2.63764994892607,3.22673584626694,9.129526452,0.943347,0.967,1.43456508892695,3.12464056669627,19.5622896879112,21.2523651656805,22.38462959,34.40862157,183.7800125,15.70592843,0.140923974,3.242656114,0.302306051,6.46158835,0.42464479,20.9615428004695
4,14,16.5,7.02232596210643,4.52863866963523,1.51191075292999,0.644891549334576,8.295556276,0.943347,0.967,2.81194896474615,2.17907743443746,20.9396735637304,20.3068020334217,22.38462959,34.40862157,183.7800125,15.70592843,0.140923974,3.242656114,0.302306051,6.46158835,0.42464479,21.5360465444895
5,15,6.5,0.950369987145466,0.51168708713056,0.753635926565959,0.538408297875089,14.983310011,0.9121962,0.464,-0.0734388185972665,-0.9666662687463,18.0513757006526,17.1581482505036,22.43207997,34.23782412,180.9268277,5.709313664,0.184792475,9.131779833,0.331896613,7.549777752,0.375754086,17.643315347047
5,15,7.5,1.00752094756105,0.73775731031615,0.799410955303127,0.732250095744486,14.324805665,0.9121962,0.464,0.0108098344140652,-0.438781783730785,18.1356243536639,17.6860327355191,22.43207997,34.23782412,180.9268277,5.709313664,0.184792475,9.131779833,0.331896613,7.549777752,0.375754086,17.8126336026798
5,15,8.5,0.936802552697043,0.708237148451942,0.694175934738742,0.756015391304108,13.666301319,0.9121962,0.464,-0.0941830878373597,-0.497695576939646,18.0306314314125,17.6271189423102,22.43207997,34.23782412,180.9268277,5.709313664,0.184792475,9.131779833,0.331896613,7.549777752,0.375754086,17.5040046881007
5,15,9.5,0.496198904026616,0.409987269634739,0.102998449062234,0.8262558951818,13.007796973,0.9121962,0.464,-1.01100954618889,-1.286348981059,17.113804973061,16.8384655381909,22.43207997,34.23782412,180.9268277,5.709313664,0.184792475,9.131779833,0.331896613,7.549777752,0.375754086,13.8344994918242
5,15,12.5,0.694394525853408,0.593790951806719,0.678400885383241,0.85512043902845,11.032283935,0.9121962,0.464,-0.526172520312445,-0.751972985198752,17.5986419989374,17.3728415340511,22.43207997,34.23782412,180.9268277,5.709313664,0.184792475,9.131779833,0.331896613,7.549777752,0.375754086,17.0388519568185
5,15,15.5,5.17398710947818,3.85112448094524,0.744324328502945,0.744324328502945,9.056770897,0.9121962,0.464,2.37127645968267,1.94527975651322,20.4960909789326,20.0700942757631,22.43207997,34.23782412,180.9268277,5.709313664,0.184792475,9.131779833,0.331896613,7.549777752,0.375754086,20.0700942757631
5,16,6.5,1.06432862778861,1.00709427939659,0.99973579523647,0.94622492818695,13.6387560085,0.8129823,0.847,0.0899436738457505,0.0101987479436185,18.1794420449072,18.099697119005,23.0091452,34.2111045,187.9529193,15.99793146,0.028360876,2.965603226,0.176821975,6.039050356,0.255995801,18.1790608276431
5,16,7.5,1.50383573052722,1.37079004635355,0.96930507765038,0.911529110877675,13.0992434375,0.8129823,0.847,0.588646984770231,0.455007621241312,18.6781453558316,18.5445059923027,23.0091452,34.2111045,187.9529193,15.99793146,0.028360876,2.965603226,0.176821975,6.039050356,0.255995801,18.6331680697657
5,16,8.5,1.46363296638071,1.36439326868378,0.979917127077753,0.932196322454852,12.5597308665,0.8129823,0.847,0.549553815937455,0.448259542458792,18.6390521869989,18.5377579135202,23.0091452,34.2111045,187.9529193,15.99793146,0.028360876,2.965603226,0.176821975,6.039050356,0.255995801,18.6097838358194
5,16,9.5,1.46433117311017,1.54362396337525,0.881475133345198,1.05414949276581,12.0202182955,0.8129823,0.847,0.550241870406165,0.626321345710052,18.6397402414676,18.7158197167715,23.0091452,34.2111045,187.9529193,15.99793146,0.028360876,2.965603226,0.176821975,6.039050356,0.255995801,18.4577320178777
5,16,14.5,1.96173100469512,1.04627879151409,1.76671662842921,0.533344678250977,9.3226554405,0.8129823,0.847,0.972127230752835,0.0652673234237234,19.0616256018142,18.1547656944851,23.0091452,34.2111045,187.9529193,15.99793146,0.028360876,2.965603226,0.176821975,6.039050356,0.255995801,19.8826962599583
5,16,17.5,2.17783785172338,0.414527614676174,0.190339062363228,0.190339062363228,7.7041177275,0.8129823,0.847,1.12289654394331,-1.27045988163596,19.2123949150047,16.8190384894254,23.0091452,34.2111045,187.9529193,15.99793146,0.028360876,2.965603226,0.176821975,6.039050356,0.255995801,16.8190384894254
5,17,6.5,0.752673315358049,0.373093118728711,0.688530118635666,0.495690641764322,18.4045251535,0.9439846,0.147,-0.409904270599985,-1.4223923433296,17.9183926014429,16.9059045287133,19.1505019,30.5203276,138.1177298,12.4103315,0.464890213,22.34197812,0.853670938,27.14850388,1.486086943,17.3799842706557
5,17,7.5,0.648858283067391,0.223058220419211,0.919798296074988,0.343770321255257,17.5246625925,0.9439846,0.147,-0.624024680825754,-2.16450777780257,17.7042721912171,16.1637890942403,19.1505019,30.5203276,138.1177298,12.4103315,0.464890213,22.34197812,0.853670938,27.14850388,1.486086943,17.5836616214596
5,17,8.5,0.833435454615784,0.266463622039803,1.03655725612733,0.319717166535282,16.6448000315,0.9439846,0.147,-0.262857620824367,-1.90798950706271,18.0654392512185,16.4203073649802,19.1505019,30.5203276,138.1177298,12.4103315,0.464890213,22.34197812,0.853670938,27.14850388,1.486086943,18.1172390597542
5,17,9.5,1.14844107333565,0.297558179677233,1.00497997843324,0.259097472727073,15.7649374705,0.9439846,0.147,0.19967683374029,-1.74875631780931,18.5279737057832,16.5795405542336,19.1505019,30.5203276,138.1177298,12.4103315,0.464890213,22.34197812,0.853670938,27.14850388,1.486086943,18.5351404655926
5,17,11.5,1.12128444516258,0.0904264783757343,1.27350995861522,0.0806454408298001,14.0052123485,0.9439846,0.147,0.165152304521969,-3.4671109101875,18.4934491765649,14.8611859618554,19.1505019,30.5203276,138.1177298,12.4103315,0.464890213,22.34197812,0.853670938,27.14850388,1.486086943,18.8422594178327
5,17,12.5,1.2132634247512,0.762115201858569,1.46208127974538,0.628153116883791,13.1253497875,0.9439846,0.147,0.278892823600836,-0.391919001909073,18.6071896956437,17.9363778701338,19.1505019,30.5203276,138.1177298,12.4103315,0.464890213,22.34197812,0.853670938,27.14850388,1.486086943,19.1552132111927
5,17,13.5,0.668200896385758,0.173516856484088,2.1909644742066,0.259677676912177,12.2454872265,0.9439846,0.147,-0.581646176850186,-2.52685227309405,17.7466506951927,15.8014445989488,19.1505019,30.5203276,138.1177298,12.4103315,0.464890213,22.34197812,0.853670938,27.14850388,1.486086943,18.8782167868684
5,17,14.5,1.58318700163579,0.84302173388898,1.72416810140628,0.53248399147918,11.3656246655,0.9439846,0.147,0.662831672656876,-0.246358269212695,18.9911285446998,18.0819386028302,19.1505019,30.5203276,138.1177298,12.4103315,0.464890213,22.34197812,0.853670938,27.14850388,1.486086943,19.7770289845806
5,18,6.5,1.15642781756546,0.9470112262902,0.904772879793004,0.81891079746237,17.5964066295,0.8929395,1.012,0.209675217992845,-0.0785465667468164,18.4129729358654,18.1247511511258,21.15768302,32.9564936,171.5474375,0.036815199,0.238819893,10.1654804,0.51334974,15.43760211,1.52764495,18.2686005267442
5,18,7.5,1.31163933453455,1.12789275575387,1.19995070235704,0.859910743797655,16.7450754925,0.8929395,1.012,0.391371072234755,0.173629897437474,18.5946687901073,18.3769276153101,21.15768302,32.9564936,171.5474375,0.036815199,0.238819893,10.1654804,0.51334974,15.43760211,1.52764495,18.8576439268362
5,18,8.5,0.984950023458824,1.1757767107877,1.17914956238739,1.19374250752211,15.8937443555,0.8929395,1.012,-0.0218775710668672,0.233614107091266,18.1814201468057,18.4369118249639,21.15768302,32.9564936,171.5474375,0.036815199,0.238819893,10.1654804,0.51334974,15.43760211,1.52764495,18.4191668670146
5,18,9.5,1.17002189363904,1.38906110815653,1.36485281937976,1.18720950070107,15.0424132185,0.8929395,1.012,0.226535526004362,0.474110068358298,18.429833243877,18.6774077862309,21.15768302,32.9564936,171.5474375,0.036815199,0.238819893,10.1654804,0.51334974,15.43760211,1.52764495,18.8785786285757
5,18,10.5,0.967567901207133,0.779297945503321,0.778445541403065,0.805419386619867,14.1910820815,0.8929395,1.012,-0.0475651857776884,-0.359753081979932,18.1557325320949,17.8435446358927,21.15768302,32.9564936,171.5474375,0.036815199,0.238819893,10.1654804,0.51334974,15.43760211,1.52764495,17.7944005517901
5,18,11.5,0.626650810294156,0.549328172546156,1.39188978357303,0.876609689993533,13.3397509445,0.8929395,1.012,-0.67426634339176,-0.864259811859688,17.5290313744808,17.3390379060129,21.15768302,32.9564936,171.5474375,0.036815199,0.238819893,10.1654804,0.51334974,15.43760211,1.52764495,18.0060763507623
5,18,12.5,2.73993347816043,4.88178614994748,2.05124693618596,1.781717033957,12.4884198075,0.8929395,1.012,1.45414086694746,2.28740909823917,19.65743858482,20.4907068161118,21.15768302,32.9564936,171.5474375,0.036815199,0.238819893,10.1654804,0.51334974,15.43760211,1.52764495,20.693939763701
5,18,13.5,1.40493795427691,3.31079719928281,2.97411191902769,2.35654335424855,11.6370886705,0.8929395,1.012,0.490506418678553,1.72717864210015,18.6938041365511,19.9304763599727,21.15768302,32.9564936,171.5474375,0.036815199,0.238819893,10.1654804,0.51334974,15.43760211,1.52764495,20.2662630751278
5,18,17.5,2.95816447759905,7.8627229726639,1.01674819912265,2.65797356171539,8.2317641225,0.8929395,1.012,1.56470227029348,2.97502902480531,19.7679999881661,21.1783267426779,21.15768302,32.9564936,171.5474375,0.036815199,0.238819893,10.1654804,0.51334974,15.43760211,1.52764495,19.7919624236486
5,19,7.5,1.94589046025861,0.044206043305357,0.877822165539662,0.022717642235361,20.2673924525,0.8819669,0.09,0.960430498973264,-4.4996125791922,19.2055363595515,13.7454932813861,20.48328531,33.47005014,114.874306,0.027043436,0.27657506,12.71185688,0.974002198,20.12847603,2.546468496,19.0175369642425
5,19,13.5,1.42247460477511,0.000190830322206201,0.55573480486443,0.000134153763846189,15.3889554305,0.8819669,0.09,0.508402896544475,-12.3554219512835,18.7535087571228,5.88968390929479,20.48328531,33.47005014,114.874306,0.027043436,0.27657506,12.71185688,0.974002198,20.12847603,2.546468496,17.9059772592503
5,19,14.5,1.4110924376725,0.226064408177217,0.619412197133886,0.160205243924413,14.5758825935,0.8819669,0.09,0.496812498922822,-2.14519422437318,18.7419183595011,16.0999116362051,20.48328531,33.47005014,114.874306,0.027043436,0.27657506,12.71185688,0.974002198,20.12847603,2.546468496,18.0508900566856
5,19,15.5,1.65436099022208,0.609410634657611,0.879860794129,0.368366177792794,13.7628097565,0.8819669,0.09,0.726274072464786,-0.714513418568368,18.9713799330431,17.5305924420099,20.48328531,33.47005014,114.874306,0.027043436,0.27657506,12.71185688,0.974002198,20.12847603,2.546468496,18.7867271261033
5,19,16.5,1.06117081311099,0.209661768253899,0.884597998577046,0.197575890387753,12.9497369195,0.8819669,0.09,0.0856569007328618,-2.25386428437849,18.3307627613111,15.9912415761998,20.48328531,33.47005014,114.874306,0.027043436,0.27657506,12.71185688,0.974002198,20.12847603,2.546468496,18.1538566445339
5,19,17.5,3.31272444853922,3.62320222368159,1.64967820065739,1.09372278919222,12.1366640825,0.8819669,0.09,1.72801820545364,1.85726532993161,19.9731240660319,20.1023711905099,20.48328531,33.47005014,114.874306,0.027043436,0.27657506,12.71185688,0.974002198,20.12847603,2.546468496,20.6953086943856
6,20,6.5,0.857121430807212,0.924555730368774,0.589969116598184,1.07867531616618,15.646765899,0.9134066,2.668,-0.22242848540008,-0.113167809867545,18.0137341239861,18.1229947995186,20.62728689,34.45645492,183.3788525,11.94877049,0.386885246,0.08102459,4.329918033,0.42057377,7.825819672,17.2524454640871
6,20,7.5,1.2588485728642,1.35067063312745,0.940510442556863,1.07294130703452,15.002436105,0.9134066,2.668,0.332104751431166,0.433675910129321,18.5682673608173,18.6698385195155,20.62728689,34.45645492,183.3788525,11.94877049,0.386885246,0.08102459,4.329918033,0.42057377,7.825819672,18.4797832281169
6,20,8.5,1.26152320707095,1.06014059822141,0.938515406705151,0.840365513911463,14.358106311,0.9134066,2.668,0.335166746479266,0.084255610925852,18.5713293558655,18.320418220312,20.62728689,34.45645492,183.3788525,11.94877049,0.386885246,0.08102459,4.329918033,0.42057377,7.825819672,18.4797816895661
6,20,9.5,1.08051361790289,1.26798578442723,1.2509433243685,1.17350282626534,13.713776517,0.9134066,2.668,0.111717254850972,0.342538571304369,18.3478798642372,18.5787011806906,20.62728689,34.45645492,183.3788525,11.94877049,0.386885246,0.08102459,4.329918033,0.42057377,7.825819672,18.6708962920265
6,20,10.5,0.331277411735944,0.63892946834822,1.17213041972645,1.92868407477628,13.069446723,0.9134066,2.668,-1.59388825877155,-0.64627141454524,16.6422743506146,17.5898911948409,20.62728689,34.45645492,183.3788525,11.94877049,0.386885246,0.08102459,4.329918033,0.42057377,7.825819672,16.8714074540134
6,20,11.5,0.430653573342677,0.55691625235554,1.03641751838164,1.29318850888158,12.425116929,0.9134066,2.668,-1.21540029282726,-0.844467699809252,17.0207623165589,17.3916949095769,20.62728689,34.45645492,183.3788525,11.94877049,0.386885246,0.08102459,4.329918033,0.42057377,7.825819672,17.0723676230143
6,20,12.5,0.465962025453025,0.507150311635238,1.71572805948241,1.08839408349247,11.780787135,0.9134066,2.668,-1.10171571065797,-0.979514691423086,17.1344468987282,17.2566479179631,20.62728689,34.45645492,183.3788525,11.94877049,0.386885246,0.08102459,4.329918033,0.42057377,7.825819672,17.9132678045225
6,20,17.5,1.24115485114954,6.56993911101582,2.88525151804913,5.29340807469017,8.559138165,0.9134066,2.668,0.311683122759679,2.71587999997796,18.5478457321459,20.9520426093641,20.62728689,34.45645492,183.3788525,11.94877049,0.386885246,0.08102459,4.329918033,0.42057377,7.825819672,20.0765428215628
6,21,6.5,1.15642781756546,0.9470112262902,0.904772879793004,0.81891079746237,14.721227764,0.8604094,1.735,0.209675217992845,-0.0785465667468164,18.333195144659,18.0449733599193,22.45319388,34.18927551,177.1595408,0.008163265,0.789285714,0.087806122,3.322959184,0.466326531,7.774489796,18.1888227355378
6,21,7.5,1.31163933453455,1.12789275575387,1.19995070235704,0.859910743797655,14.0458725,0.8604094,1.735,0.391371072234755,0.173629897437474,18.5148909989009,18.2971498241036,22.45319388,34.18927551,177.1595408,0.008163265,0.789285714,0.087806122,3.322959184,0.466326531,7.774489796,18.7778661356297
6,21,8.5,0.984950023458824,1.1757767107877,1.17914956238739,1.19374250752211,13.370517236,0.8604094,1.735,-0.0218775710668672,0.233614107091266,18.1016423555993,18.3571340337574,22.45319388,34.18927551,177.1595408,0.008163265,0.789285714,0.087806122,3.322959184,0.466326531,7.774489796,18.3393890758082
6,21,9.5,1.17002189363904,1.38906110815653,1.36485281937976,1.18720950070107,12.695161972,0.8604094,1.735,0.226535526004362,0.474110068358298,18.3500554526705,18.5976299950244,22.45319388,34.18927551,177.1595408,0.008163265,0.789285714,0.087806122,3.322959184,0.466326531,7.774489796,18.7988008373692
6,21,10.5,0.967567901207133,0.779297945503321,0.778445541403065,0.805419386619867,12.019806708,0.8604094,1.735,-0.0475651857776884,-0.359753081979932,18.0759547408885,17.7637668446862,22.45319388,34.18927551,177.1595408,0.008163265,0.789285714,0.087806122,3.322959184,0.466326531,7.774489796,17.7146227605837
6,21,11.5,0.626650810294156,0.549328172546156,1.39188978357303,0.876609689993533,11.344451444,0.8604094,1.735,-0.67426634339176,-0.864259811859688,17.4492535832744,17.2592601148065,22.45319388,34.18927551,177.1595408,0.008163265,0.789285714,0.087806122,3.322959184,0.466326531,7.774489796,17.9262985595559
6,21,12.5,2.73993347816043,4.88178614994748,2.05124693618596,1.781717033957,10.66909618,0.8604094,1.735,1.45414086694746,2.28740909823917,19.5776607936136,20.4109290249053,22.45319388,34.18927551,177.1595408,0.008163265,0.789285714,0.087806122,3.322959184,0.466326531,7.774489796,20.6141619724945
6,21,13.5,1.40493795427691,3.31079719928281,2.97411191902769,2.35654335424855,9.993740916,0.8604094,1.735,0.490506418678553,1.72717864210015,18.6140263453447,19.8506985687663,22.45319388,34.18927551,177.1595408,0.008163265,0.789285714,0.087806122,3.322959184,0.466326531,7.774489796,20.1864852839214
6,21,17.5,2.95816447759905,7.8627229726639,1.01674819912265,2.65797356171539,7.29231986,0.8604094,1.735,1.56470227029348,2.97502902480531,19.6882221969596,21.0985489514715,22.45319388,34.18927551,177.1595408,0.008163265,0.789285714,0.087806122,3.322959184,0.466326531,7.774489796,19.7121846324421
6,22,11.5,0.482055250763727,0.278006216931789,1.25544355769463,0.576710276449307,13.658833035,0.9051216,0.861,-1.05272958445976,-1.84681094921781,17.1772946129188,16.3832132481607,20.72620755,33.14056604,100.1437736,0.013207547,1.522641509,0.474245283,14.29811321,1.436792453,32.04528302,17.5054917822176
6,22,13.5,0.812301116117183,0.337664016668837,1.02210032494328,0.415688234287893,12.063428095,0.9051216,0.861,-0.29991346821512,-1.56633964885376,17.9301107291634,16.6636845485248,20.72620755,33.14056604,100.1437736,0.013207547,1.522641509,0.474245283,14.29811321,1.436792453,32.04528302,17.9616475410891
6,22,16.5,2.73307043199945,4.58928047017789,1.61702525091942,1.67916655803871,9.670320685,0.9051216,0.861,1.45052263900017,2.19826797858939,19.6805468363787,20.4282921759679,20.72620755,33.14056604,100.1437736,0.013207547,1.522641509,0.474245283,14.29811321,1.436792453,32.04528302,20.373889044004
6,22,17.5,1.1588694783102,0.622732087857535,0.519090321854174,0.537361712870003,8.872618215,0.9051216,0.861,0.212718086967039,-0.683316475218932,18.4427422843456,17.5467077221596,20.72620755,33.14056604,100.1437736,0.013207547,1.522641509,0.474245283,14.29811321,1.436792453,32.04528302,17.4967997792046
6,23,8.5,0.266357625182351,0.301391866734543,0.225162156821319,1.13153083764059,16.786579214,0.8954015,0.541,-1.9085635124854,-1.73028760953776,16.2459458581657,16.4242217611134,21.94860417,30.85260417,210.3416667,1.575,11.56458333,0.986875,13.51041667,0.979375,18.04791667,14.094982136194
6,23,9.5,0.725794253865597,0.726014534419603,1.08378949260452,1.00030350275279,15.636370878,0.8954015,0.541,-0.46236745988387,-0.461929664400234,17.6921419107673,17.6925797062509,21.94860417,30.85260417,210.3416667,1.575,11.56458333,0.986875,13.51041667,0.979375,18.04791667,17.8082264760682
6,23,10.5,0.327553032666317,0.408436213568704,0.944984697626387,1.24693155866697,14.486162542,0.8954015,0.541,-1.61019958893752,-1.29181730795719,16.5443097817136,16.8626920626939,21.94860417,30.85260417,210.3416667,1.575,11.56458333,0.986875,13.51041667,0.979375,18.04791667,16.4626726544274
6,23,16.5,4.96601644969259,9.6690761582368,1.8792324456299,1.94704875752784,7.584912526,0.8954015,0.541,2.31208904038117,3.27337805251481,20.4665984110323,21.427887423166,21.94860417,30.85260417,210.3416667,1.575,11.56458333,0.986875,13.51041667,0.979375,18.04791667,21.3767419383633
0,24,6.5,0.25193808,0.336402094,0.27155085,1.335257035,18.966305193,0.8740399,0.51,-1.98885889550251,-1.5717414089316,16.0776091886572,16.4947266752281,23.386675,29.28962143,208.9969201,14.49699728,0.401289051,24.07078391,0.819003271,22.73511905,NA,14.196903472918
0,24,7.5,0.346641263,0.37875664,0.456017968,1.092647299,17.776684615,0.8740399,0.51,-1.52848469664372,-1.40065691412725,16.537983387516,16.6658111700324,23.386675,29.28962143,208.9969201,14.49699728,0.401289051,24.07078391,0.819003271,22.73511905,NA,15.4051459631454
0,24,8.5,0.390685907,0.208791614,0.47873938,0.534423204,16.587064037,0.8740399,0.51,-1.35591887997985,-2.25986432686641,16.7105492041798,15.8066037572933,23.386675,29.28962143,208.9969201,14.49699728,0.401289051,24.07078391,0.819003271,22.73511905,NA,15.6478615930063
0,24,9.5,0.527017052,0.34219691,0.431802674,0.649308991,15.397443459,0.8740399,0.51,-0.92407845287716,-1.54710136237682,17.1423896312825,16.5193667217829,23.386675,29.28962143,208.9969201,14.49699728,0.401289051,24.07078391,0.819003271,22.73511905,NA,15.9308337138792
0,24,11.5,0.859963112,0.201763952,0.943670157,0.23461931,13.018202303,0.8740399,0.51,-0.217653317951748,-2.30925965541032,17.8488147662079,15.7572084287494,23.386675,29.28962143,208.9969201,14.49699728,0.401289051,24.07078391,0.819003271,22.73511905,NA,17.7651693508067
0,24,12.5,1.619111092,0.825299078,1.248010886,0.509723565,11.828581725,0.8740399,0.51,0.695201976609591,-0.277011066247901,18.7616700607693,17.7894570179118,23.386675,29.28962143,208.9969201,14.49699728,0.401289051,24.07078391,0.819003271,22.73511905,NA,19.081300579192
0,24,13.5,1.533444964,1.288067395,0.804947036,0.8399828,10.638961147,0.8740399,0.51,0.616776388587909,0.36520808094365,18.6832444727476,18.4316761651033,23.386675,29.28962143,208.9969201,14.49699728,0.401289051,24.07078391,0.819003271,22.73511905,NA,18.3702102375919
0,25,6.5,0.346972535,0.335425378,0.834574783,0.966720254,17.9918504975,0.9618454,0.693,-1.5271066257077,-1.57593624877082,16.6847146591943,16.6358850361311,21.01994,34.25518333,193.6661479,0.007726135,0.149823072,5.049338147,0.412249386,8.847222224,NA,16.4238278939779
0,25,7.5,0.27820439,0.099344282,0.733162624,0.357090993,16.8931951125,0.9618454,0.693,-1.84578290943834,-3.33141925770637,16.3660383754636,14.8804020271956,21.01994,34.25518333,193.6661479,0.007726135,0.149823072,5.049338147,0.412249386,8.847222224,NA,15.9182435209763
0,25,8.5,0.422329514,0.111368621,0.91472814,0.263700778,15.7945397275,0.9618454,0.693,-1.24355902318365,-3.16658529582457,16.9682622617183,15.0452359890774,21.01994,34.25518333,193.6661479,0.007726135,0.149823072,5.049338147,0.412249386,8.847222224,NA,16.8396772005542
0,25,11.5,1.069894166,0.694870597,1.427890057,0.649476013,12.4985735725,0.9618454,0.693,0.0974680921978502,-0.525183759423131,18.3092893770998,17.6866375254788,21.01994,34.25518333,193.6661479,0.007726135,0.149823072,5.049338147,0.412249386,8.847222224,NA,18.8231742778064
0,25,12.5,0.638180385,0.523628628,1.052824183,0.820502542,11.3999181875,0.9618454,0.693,-0.647963828009578,-0.933384119940752,17.5638574568924,17.2784371649612,21.01994,34.25518333,193.6661479,0.007726135,0.149823072,5.049338147,0.412249386,8.847222224,NA,17.6381219896548
0,25,13.5,0.918680073,0.739881634,1.745730509,0.805374642,10.3012628025,0.9618454,0.693,-0.122365559221595,-0.434633607524189,18.0894557256804,17.7771876773778,21.01994,34.25518333,193.6661479,0.007726135,0.149823072,5.049338147,0.412249386,8.847222224,NA,18.8932865908694
0,25,15.5,1.901348447,5.219866205,3.452375959,2.745349603,8.1039520325,0.9618454,0.693,0.927022948973665,2.38401282827854,19.1388442338756,20.5958341131805,21.01994,34.25518333,193.6661479,0.007726135,0.149823072,5.049338147,0.412249386,8.847222224,NA,20.9264338144559
0,25,16.5,1.715669558,1.784463132,1.040097217,1.040097217,7.0052966475,0.9618454,0.693,0.778771713128176,0.83549009481354,18.9905929980301,19.0473113797155,21.01994,34.25518333,193.6661479,0.007726135,0.149823072,5.049338147,0.412249386,8.847222224,NA,19.0473113801743
0,25,17.5,3.292910148,3.136383638,1.595346165,0.952465599,5.9066412625,0.9618454,0.693,1.71936314636892,1.64910203865871,19.9311844312709,19.8609233235607,21.01994,34.25518333,193.6661479,0.007726135,0.149823072,5.049338147,0.412249386,8.847222224,NA,20.605053931338
0,26,9.5,0.804841576,0.190080097,0.259254292,0.236170823,14.748141443,0.9231223,1.4,-0.313223261985783,-2.39532061741244,17.9591950716732,15.8770977162466,20.04438056,34.41125556,182.8410125,32.717725,0.059943383,5.29843562,0.297244858,8.43287037,NA,16.01163485009
0,26,10.5,1.176330014,0.533268684,0.253913662,0.453332549,13.565084877,0.9231223,1.4,0.234292858447916,-0.907065486094745,18.5067111921069,17.3653528475642,20.04438056,34.41125556,182.8410125,32.717725,0.059943383,5.29843562,0.297244858,8.43287037,NA,16.5291211194967
0,26,11.5,1.169247084,0.558520422,0.461773476,0.477675275,12.382028311,0.9231223,1.4,0.225579830806043,-0.840318061843098,18.497998164465,17.4321002718159,20.04438056,34.41125556,182.8410125,32.717725,0.059943383,5.29843562,0.297244858,8.43287037,NA,17.3832553775051
0,26,15.5,0.585360375,2.164311127,6.643352669,3.697399449,7.649802047,0.9231223,1.4,-0.772603006684015,1.11390790633468,17.499815326975,19.3863262399937,20.04438056,34.41125556,182.8410125,32.717725,0.059943383,5.29843562,0.297244858,8.43287037,NA,20.2317268303292
0,26,17.5,1.715669558,1.784463132,4.593241556,1.040097217,5.283688915,0.9231223,1.4,0.778771713128176,0.83549009481354,19.0511900467872,19.1079084284725,20.04438056,34.41125556,182.8410125,32.717725,0.059943383,5.29843562,0.297244858,8.43287037,NA,21.250702702865
